coverage,species,mse,std
20%,E. coli,0.423291969,0.0154129872212877
30%,E. coli,0.375239253,0.0182921463136698
40%,E. coli,0.356135595,0.0161761832750636
50%,E. coli,0.342859425,0.0119702734888879
60%,E. coli,0.324173087,0.0240396440059805
70%,E. coli,0.314346576,0.0213760867589726
80%,E. coli,0.298619932,0.0124699973879907
90%,E. coli,0.287576777,0.013498101931791
100%,E. coli,0.266353946924209,0.0140654568952571
